id,name,model_id:id,group_id:id,perm_read,perm_write,perm_create,perm_unlink
access_l10n_co_hr_payroll_earn_line,access_l10n_co_hr_payroll_earn_line,model_l10n_co_hr_payroll_earn_line,hr_payroll_community.group_hr_payroll_community_user,1,0,0,0
access_l10n_co_hr_payroll_deduction_line,access_l10n_co_hr_payroll_deduction_line,model_l10n_co_hr_payroll_deduction_line,hr_payroll_community.group_hr_payroll_community_user,1,0,0,0
manager_l10n_co_hr_payroll_earn_line,manager_l10n_co_hr_payroll_earn_line,model_l10n_co_hr_payroll_earn_line,hr_payroll_community.group_hr_payroll_community_manager,1,1,1,1
manager_l10n_co_hr_payroll_deduction_line,manager_l10n_co_hr_payroll_deduction_line,model_l10n_co_hr_payroll_deduction_line,hr_payroll_community.group_hr_payroll_community_manager,1,1,1,1
access_hr_payslip_edi,access_hr_payslip_edi,model_hr_payslip_edi,hr_payroll_community.group_hr_payroll_community_user,1,0,0,0
manager_hr_payslip_edi,manager_hr_payslip_edi,model_hr_payslip_edi,hr_payroll_community.group_hr_payroll_community_manager,1,1,1,1