<?xml version="1.0" encoding="utf-8"?>
<!--Jorels S.A.S. - Copyright (C) 2019-2023-->

<!--This file is part of l10n_co_edi_jorels_pos.-->

<!--This program is free software: you can redistribute it and/or modify-->
<!--it under the terms of the GNU Lesser General Public License as published by-->
<!--the Free Software Foundation, either version 3 of the License, or-->
<!--(at your option) any later version.-->

<!--This program is distributed in the hope that it will be useful,-->
<!--but WITHOUT ANY WARRANTY; without even the implied warranty of-->
<!--MERCHANTABILITY or FITNESS FOR A PARTICULAR PURPOSE.  See the-->
<!--GNU Lesser General Public License for more details.-->

<!--You should have received a copy of the GNU Lesser General Public License-->
<!--along with this program. If not, see <https://www.gnu.org/licenses/>.-->

<!--email: info@jorels.com-->

<templates id="template" xml:space="preserve">
    <t t-name="PaymentScreen" t-inherit="point_of_sale.PaymentScreen" t-inherit-mode="extension" owl="1">
        <xpath expr="//div[hasclass('js_invoice')]" position="after">
            <div class="button js_electronic_invoice"
                 t-att-class="{ highlight: currentOrder.is_to_electronic_invoice(), hidden: !currentOrder.is_to_invoice()}"
                 t-on-click="toggleIsToElectronicInvoice">
                <i class="fa fa-file-text-o"/>
                Electronic Invoice
            </div>
        </xpath>
    </t>
</templates>